City_ID,City,Country,Date,Lat,Lng,Max Temp,Humidity,Cloudiness,Wind Speed
0,Nouadhibou,MR,2022-05-13 16:42:21,20.931,-17.0347,73.98,56,92,18.75
1,Lubango,AO,2022-05-13 16:42:21,-14.9172,13.4925,82.26,16,40,4.61
2,Atuona,PF,2022-05-13 16:42:22,-9.8,-139.0333,78.3,66,60,21.3
3,Lorengau,PG,2022-05-13 16:42:11,-2.0226,147.2712,81.01,73,39,8.88
4,Mataura,NZ,2022-05-13 16:42:23,-46.1927,168.8643,52.48,96,100,3.65
5,Hilo,US,2022-05-13 16:42:24,19.7297,-155.09,72.63,87,40,8.05
6,Goderich,CA,2022-05-13 16:42:24,43.7501,-81.7165,73.72,60,8,12.66
7,Bonavista,CA,2022-05-13 16:42:25,48.6499,-53.1147,41.45,66,50,7.27
8,Tasiilaq,GL,2022-05-13 16:42:26,65.6145,-37.6368,28.56,50,31,1.19
9,Kamaishi,JP,2022-05-13 16:42:27,39.2667,141.8833,58.01,99,100,1.41
10,Miandrivazo,MG,2022-05-13 16:42:28,-19.5167,45.4667,76.96,47,43,1.61
11,Ternovka,RU,2022-05-13 16:42:28,51.678,41.6375,51.24,74,82,10.45
12,Chuy,UY,2022-05-13 16:42:29,-33.6971,-53.4616,64.99,54,30,5.01
13,Nador,MA,2022-05-13 16:42:29,35.174,-2.9287,75.27,64,20,5.75
14,Rikitea,PF,2022-05-13 16:39:27,-23.1203,-134.9692,77.61,74,53,21.5
15,Thompson,CA,2022-05-13 16:42:30,55.7435,-97.8558,42.96,65,100,13.8
16,Nikolskoye,RU,2022-05-13 16:42:31,59.7035,30.7861,55.29,62,77,11.81
17,Mariental,NA,2022-05-13 16:42:32,-24.6333,17.9667,71.98,12,65,12.1
18,Hermanus,ZA,2022-05-13 16:39:57,-34.4187,19.2345,59.81,73,58,10.71
19,Dikson,RU,2022-05-13 16:42:32,73.5069,80.5464,32.88,98,100,10.56
20,Saint-Philippe,RE,2022-05-13 16:39:46,-21.3585,55.7679,71.19,69,3,5.23
21,Opelousas,US,2022-05-13 16:42:33,30.5335,-92.0815,86.88,52,6,5.7
22,Fenoarivo Atsinanana,MG,2022-05-13 16:42:34,-17.3667,49.4167,72.12,84,46,7.81
23,Mount Gambier,AU,2022-05-13 16:41:00,-37.8333,140.7667,60.71,82,100,16.11
24,Albany,US,2022-05-13 16:41:27,42.6001,-73.9662,80.24,59,41,1.99
25,Butaritari,KI,2022-05-13 16:39:36,3.0707,172.7902,80.58,75,100,10.49
26,Lebu,CL,2022-05-13 16:42:35,-37.6167,-73.65,53.91,59,29,15.7
27,Bambous Virieux,MU,2022-05-13 16:42:35,-20.3428,57.7575,75.45,73,40,6.91
28,Kaitangata,NZ,2022-05-13 16:42:36,-46.2817,169.8464,52.41,71,100,8.75
29,Cuamba,MZ,2022-05-13 16:42:36,-14.8031,36.5372,66.24,57,7,1.66
30,Janow Lubelski,PL,2022-05-13 16:42:37,50.707,22.4104,59.7,77,93,5.99
31,Grindavik,IS,2022-05-13 16:42:37,63.8424,-22.4338,42.75,56,20,21.85
32,Port Elizabeth,ZA,2022-05-13 16:42:38,-33.918,25.5701,64.69,72,20,19.57
33,Longyearbyen,SJ,2022-05-13 16:42:39,78.2186,15.6401,22.84,58,0,12.66
34,Bilibino,RU,2022-05-13 16:40:07,68.0546,166.4372,17.46,91,69,3.42
35,Ahipara,NZ,2022-05-13 16:42:39,-35.1667,173.1667,52.86,80,13,1.9
36,Vaini,TO,2022-05-13 16:42:40,-21.2,-175.2,71.76,73,20,12.66
37,Khatanga,RU,2022-05-13 16:42:40,71.9667,102.5,14.63,94,100,4.94
38,Mahebourg,MU,2022-05-13 16:42:41,-20.4081,57.7,75.49,73,40,6.91
39,Garowe,SO,2022-05-13 16:42:41,8.4054,48.4845,93.85,23,85,6.85
40,Erzin,TR,2022-05-13 16:42:42,36.9559,36.2,66.38,67,0,2.55
41,Jamestown,US,2022-05-13 16:39:14,42.097,-79.2353,77.95,59,0,10.36
42,Castro,BR,2022-05-13 16:39:41,-24.7911,-50.0119,71.33,49,5,1.9
43,Kiunga,PG,2022-05-13 16:42:43,-6.1219,141.2906,73.69,99,94,1.41
44,Busselton,AU,2022-05-13 16:42:43,-33.65,115.3333,59.45,69,86,14.07
45,Rio Gallegos,AR,2022-05-13 16:42:44,-51.6226,-69.2181,41.05,93,40,11.5
46,Yellowknife,CA,2022-05-13 16:39:08,62.456,-114.3525,50.56,50,40,12.66
47,Chicama,PE,2022-05-13 16:42:45,-7.8447,-79.1469,63.14,64,60,6.96
48,Mount Isa,AU,2022-05-13 16:42:46,-20.7333,139.5,58.77,82,0,5.75
49,Daru,PG,2022-05-13 16:42:46,-9.0763,143.2092,78.35,87,52,4.25
50,Souillac,MU,2022-05-13 16:42:47,-20.5167,57.5167,75.58,73,40,6.91
51,Bagnan,IN,2022-05-13 16:42:47,22.9242,88.14,87.96,72,46,18.48
52,Lensk,RU,2022-05-13 16:42:48,60.7253,114.9278,37.11,93,100,5.64
53,Obala,CM,2022-05-13 16:42:48,4.1667,11.5333,85.87,86,66,3.83
54,Mar Del Plata,AR,2022-05-13 16:38:34,-38.0023,-57.5575,58.95,82,100,11.99
55,Cape Town,ZA,2022-05-13 16:41:24,-33.9258,18.4232,61.21,80,20,8.05
56,Kapaa,US,2022-05-13 16:42:49,22.0752,-159.319,73.72,87,0,14.97
57,Avarua,CK,2022-05-13 16:39:54,-21.2078,-159.775,80.65,94,75,5.75
58,Hobart,AU,2022-05-13 16:42:50,-42.8794,147.3294,55.06,90,75,5.75
59,Ushuaia,AR,2022-05-13 16:39:29,-54.8,-68.3,44.22,93,40,6.91
60,Alyangula,AU,2022-05-13 16:42:51,-13.8483,136.4192,75.83,71,1,7.4
61,Bengkulu,ID,2022-05-13 16:38:36,-3.8004,102.2655,78.28,86,99,3.49
62,Benguela,AO,2022-05-13 16:42:51,-12.5763,13.4055,76.78,83,14,6.08
63,New Norfolk,AU,2022-05-13 16:42:52,-42.7826,147.0587,54.72,84,86,2.17
64,Guerrero Negro,MX,2022-05-13 16:42:53,27.9769,-114.0611,73.53,33,50,7.67
65,Barrow,US,2022-05-13 16:42:53,71.2906,-156.7887,15.82,86,100,10.36
66,Sitka,US,2022-05-13 16:42:54,57.0531,-135.33,46.29,71,20,0.0
67,Gorontalo,ID,2022-05-13 16:42:54,0.5412,123.0595,75.97,94,100,2.48
68,Deputatskiy,RU,2022-05-13 16:42:55,69.3,139.9,13.35,95,100,2.77
69,Pires Do Rio,BR,2022-05-13 16:42:55,-17.2997,-48.2794,87.17,34,68,2.21
70,Hithadhoo,MV,2022-05-13 16:42:57,-0.6,73.0833,83.01,70,36,5.99
71,Broome,US,2022-05-13 16:42:58,42.2506,-75.833,76.19,65,55,3.0
72,Olinda,BR,2022-05-13 16:42:58,-8.0089,-34.8553,83.93,74,20,8.05
73,Jerantut,MY,2022-05-13 16:42:59,3.936,102.3626,75.72,97,77,0.65
74,Kavieng,PG,2022-05-13 16:42:59,-2.5744,150.7967,81.23,78,58,8.79
75,Puerto Ayora,EC,2022-05-13 16:43:00,-0.7393,-90.3518,82.36,90,66,1.99
76,Fairbanks,US,2022-05-13 16:38:14,64.8378,-147.7164,38.08,92,75,5.75
77,Olavarria,AR,2022-05-13 16:43:01,-36.8927,-60.3225,55.02,84,97,8.84
78,Lompoc,US,2022-05-13 16:43:01,34.6391,-120.4579,77.85,32,0,21.85
79,Novikovo,RU,2022-05-13 16:43:02,51.1537,37.8879,53.51,70,43,8.23
80,Gaoua,BF,2022-05-13 16:43:03,10.2992,-3.2508,99.91,29,85,9.82
81,Vila,PT,2022-05-13 16:43:03,42.0304,-8.1588,73.71,40,81,6.89
82,Constitucion,CL,2022-05-13 16:43:04,-35.3333,-72.4167,60.28,65,6,8.61
83,Verkhnyaya Inta,RU,2022-05-13 16:42:34,65.9811,60.3094,49.33,77,66,8.12
84,Pisco,PE,2022-05-13 16:43:04,-13.7,-76.2167,68.02,88,20,8.05
85,Kodiak,US,2022-05-13 16:43:05,57.79,-152.4072,45.91,61,0,24.16
86,Itoman,JP,2022-05-13 16:43:05,26.1247,127.6694,73.78,100,75,14.97
87,Punta Arenas,CL,2022-05-13 16:40:02,-53.15,-70.9167,46.42,93,22,4.94
88,Airai,TL,2022-05-13 16:43:06,-8.9266,125.4092,61.0,95,70,1.23
89,Dunedin,NZ,2022-05-13 16:42:10,-45.8742,170.5036,52.81,75,100,5.53
90,Bauchi,NG,2022-05-13 16:43:07,10.5,10.0,98.28,15,53,10.65
91,Tortoli,IT,2022-05-13 16:43:08,39.9256,9.6572,73.22,60,0,9.22
92,Banda Aceh,ID,2022-05-13 16:41:46,5.5577,95.3222,81.59,81,98,7.72
93,Ust-Barguzin,RU,2022-05-13 16:43:09,53.45,108.9833,31.93,88,27,2.33
94,Bluff,NZ,2022-05-13 16:43:09,-46.6,168.3333,52.81,90,100,13.69
95,Ribeira Grande,PT,2022-05-13 16:43:10,38.5167,-28.7,63.0,63,75,4.61
96,Pacific Grove,US,2022-05-13 16:43:11,36.6177,-121.9166,67.41,60,0,6.91
97,Ponta Do Sol,PT,2022-05-13 16:43:12,32.6667,-17.1,74.01,75,5,4.38
98,Virginia Beach,US,2022-05-13 16:41:04,36.8529,-75.978,73.45,88,75,4.61
99,Chesma,RU,2022-05-13 16:43:13,53.8111,60.6533,47.86,92,100,8.79
100,Leningradskiy,RU,2022-05-13 16:39:35,69.3833,178.4167,19.02,78,27,6.2
101,Monrovia,LR,2022-05-13 16:43:13,6.3005,-10.7969,83.64,72,97,8.97
102,East London,ZA,2022-05-13 16:43:14,-33.0153,27.9116,61.74,88,20,3.44
103,Conde,BR,2022-05-13 16:43:15,-7.2597,-34.9075,83.66,74,75,11.5
104,Ragonvalia,CO,2022-05-13 16:43:15,7.5775,-72.4757,68.63,50,59,5.41
105,Waipawa,NZ,2022-05-13 16:43:16,-41.4122,175.5153,53.62,73,100,13.53
106,Warmbad,NA,2022-05-13 16:43:16,-28.45,18.7333,62.11,32,70,8.52
107,Bubaque,GW,2022-05-13 16:43:17,11.2833,-15.8333,78.66,82,71,12.93
108,Upata,VE,2022-05-13 16:43:17,8.0086,-62.3989,84.2,48,76,8.32
109,Narsaq,GL,2022-05-13 16:43:18,60.9167,-46.05,39.42,88,96,7.81
110,Kisesa,TZ,2022-05-13 16:43:19,-3.0833,34.15,72.45,59,93,2.37
111,Cascais,PT,2022-05-13 16:43:19,38.6979,-9.4215,87.62,34,0,9.22
112,Ancud,CL,2022-05-13 16:43:20,-41.8697,-73.8203,51.15,68,100,4.97
113,Palmas,BR,2022-05-13 16:43:20,-10.2128,-48.3603,89.47,48,20,5.75
114,Maldonado,UY,2022-05-13 16:43:21,-34.6667,-54.9167,65.59,46,46,6.31
115,Nkoteng,CM,2022-05-13 16:43:21,4.5167,12.0333,79.74,75,81,1.48
116,High Level,CA,2022-05-13 16:43:22,58.5169,-117.136,55.51,50,40,3.44
117,Cabedelo,BR,2022-05-13 16:43:22,-6.9811,-34.8339,84.87,69,49,13.62
118,Port Alfred,ZA,2022-05-13 16:43:23,-33.5906,26.891,60.19,84,13,1.01
119,Urengoy,RU,2022-05-13 16:43:23,65.9667,78.3667,39.18,99,99,4.27
120,Valparaiso,CL,2022-05-13 16:40:34,-33.0393,-71.6273,64.63,63,0,8.05
121,Durusu,TR,2022-05-13 16:43:24,41.3053,28.6767,71.78,76,77,5.99
122,Qui Nhon,VN,2022-05-13 16:43:25,13.7667,109.2333,81.95,81,99,4.38
123,Chernyshevskiy,RU,2022-05-13 16:43:25,63.0128,112.4714,26.01,92,95,2.42
124,Emerald,AU,2022-05-13 16:43:26,-23.5333,148.1667,69.35,94,85,6.69
125,Mezen,RU,2022-05-13 16:43:26,65.8522,44.24,52.45,71,99,6.2
126,Trelew,AR,2022-05-13 16:43:27,-43.249,-65.3051,55.58,43,45,26.04
127,Scottsbluff,US,2022-05-13 16:43:27,41.8666,-103.6672,64.78,24,0,17.27
128,Larap,PH,2022-05-13 16:43:28,14.299,122.6504,78.17,89,47,3.02
129,Caucaia,BR,2022-05-13 16:38:32,-3.7361,-38.6531,80.55,82,75,10.36
130,Tiksi,RU,2022-05-13 16:43:29,71.6872,128.8694,13.89,90,80,15.26
131,Kalmunai,LK,2022-05-13 16:43:29,7.4167,81.8167,83.48,71,100,5.68
132,Onega,RU,2022-05-13 16:43:30,63.9061,38.1404,47.44,84,100,6.42
133,Kahului,US,2022-05-13 16:40:19,20.8947,-156.47,74.84,74,20,8.99
134,Kaeo,NZ,2022-05-13 16:43:31,-35.1,173.7833,46.33,95,13,3.11
135,Acarau,BR,2022-05-13 16:43:32,-2.8856,-40.12,81.09,82,98,15.73
136,Fort Nelson,CA,2022-05-13 16:41:11,58.8053,-122.7002,47.79,61,75,2.3
137,Norman Wells,CA,2022-05-13 16:43:32,65.282,-126.8329,51.84,35,75,8.05
138,Araouane,ML,2022-05-13 16:43:33,18.9048,-3.5265,103.87,6,69,21.54
139,Upernavik,GL,2022-05-13 16:43:33,72.7868,-56.1549,19.04,80,31,4.54
140,Meulaboh,ID,2022-05-13 16:43:34,4.1363,96.1285,79.2,85,96,2.59
141,Qaanaaq,GL,2022-05-13 16:43:35,77.484,-69.3632,19.36,70,15,1.81
142,Fernley,US,2022-05-13 16:43:35,39.608,-119.2518,60.28,28,45,1.01
143,Bethel,US,2022-05-13 16:39:26,41.3712,-73.414,78.4,74,100,4.61
144,Bairiki,KI,2022-05-13 16:43:36,1.3292,172.9752,78.8,83,75,2.3
145,Krasnoselkup,RU,2022-05-13 16:43:36,65.7,82.4667,46.22,81,85,6.76
146,Suhbaatar,MN,2022-05-13 16:43:37,50.2314,106.2078,46.47,45,15,2.19
147,Tuktoyaktuk,CA,2022-05-13 16:39:47,69.4541,-133.0374,35.6,87,100,8.05
148,Cherskiy,RU,2022-05-13 16:43:38,68.75,161.3,31.64,76,41,11.63
149,Esperance,AU,2022-05-13 16:40:42,-33.8667,121.9,57.96,68,100,22.15
150,Roma,US,2022-05-13 16:39:19,43.2128,-75.4557,80.38,57,0,9.22
151,Pangnirtung,CA,2022-05-13 16:43:39,66.1451,-65.7125,17.6,79,75,11.5
152,Saint Anthony,US,2022-05-13 16:43:40,45.0205,-93.218,75.15,52,0,16.11
153,Palauig,PH,2022-05-13 16:43:40,15.435,119.9045,82.27,74,9,4.68
154,Lambarene,GA,2022-05-13 16:43:41,-0.7001,10.2406,79.16,88,33,4.12
155,Mandalgovi,MN,2022-05-13 16:42:24,45.7625,106.2708,42.57,34,12,7.4
156,Innisfail,AU,2022-05-13 16:43:42,-17.5333,146.0333,69.51,88,2,4.14
157,Bredasdorp,ZA,2022-05-13 16:43:42,-34.5322,20.0403,58.66,63,56,12.71
158,Yashan,CN,2022-05-13 16:43:43,22.1975,109.9419,70.74,95,76,4.18
159,Zhezkazgan,KZ,2022-05-13 16:43:45,47.8043,67.7144,61.38,59,63,15.17
160,Alofi,NU,2022-05-13 16:40:03,-19.0595,-169.9187,73.29,68,100,9.22
161,Cidreira,BR,2022-05-13 16:43:45,-30.1811,-50.2056,64.89,65,8,5.08
162,La Ronge,CA,2022-05-13 16:42:01,55.1001,-105.2842,46.65,49,100,12.66
163,Sabang,ID,2022-05-13 16:43:46,5.8933,95.3214,83.89,78,99,12.26
164,Arraial Do Cabo,BR,2022-05-13 16:39:09,-22.9661,-42.0278,76.96,69,20,8.05
165,Akdepe,TM,2022-05-13 16:43:47,42.0551,59.3788,68.09,31,4,10.87
166,Mujiayingzi,CN,2022-05-13 16:43:47,42.1167,118.7833,41.38,32,35,7.92
167,Tilichiki,RU,2022-05-13 16:43:48,60.4667,166.1,32.59,97,100,1.25
168,Lugovoy,KZ,2022-05-13 16:43:48,42.9472,72.7644,57.6,95,97,7.31
169,Tatawin,TN,2022-05-13 16:43:49,32.9297,10.4518,79.14,18,0,13.49
170,Kasongo,CD,2022-05-13 16:43:49,-4.45,26.6667,75.74,71,52,3.36
171,Awjilah,LY,2022-05-13 16:43:50,29.1081,21.2869,79.25,35,4,13.6
172,Eidfjord,NO,2022-05-13 16:43:50,60.4675,7.0719,44.44,100,100,3.85
173,Port Lincoln,AU,2022-05-13 16:39:57,-34.7333,135.8667,64.4,84,100,20.65
174,Moron,AR,2022-05-13 16:43:51,-34.6534,-58.6198,68.0,61,87,4.14
175,Najran,SA,2022-05-13 16:43:52,17.4924,44.1277,88.45,13,37,11.23
176,Doba,TD,2022-05-13 16:43:52,8.65,16.85,96.31,29,58,0.45
177,Namatanai,PG,2022-05-13 16:43:53,-3.6667,152.4333,78.64,82,73,5.55
178,Oktyabrskoye,RU,2022-05-13 16:43:54,43.0645,44.7417,59.14,58,5,4.47
179,Codrington,AU,2022-05-13 16:43:54,-38.2667,141.9667,62.65,72,100,14.47
180,Hami,CN,2022-05-13 16:43:55,42.8,93.45,62.51,9,36,10.33
181,Gogrial,SS,2022-05-13 16:43:55,8.5332,28.1004,93.92,32,97,4.34
182,Darnah,LY,2022-05-13 16:43:56,32.767,22.6367,64.96,61,40,9.62
183,Gambiran,ID,2022-05-13 16:43:56,-6.7988,111.4951,77.68,88,82,3.04
184,Victoria,HK,2022-05-13 16:43:57,22.2855,114.1577,77.95,96,95,1.99
185,Port-Gentil,GA,2022-05-13 16:43:57,-0.7193,8.7815,84.16,84,40,13.8
186,Hirara,JP,2022-05-13 16:43:58,24.8,125.2833,76.44,88,100,11.92
187,Fulton,US,2022-05-13 16:41:32,33.7668,-84.4499,75.31,72,100,10.36
188,Fortuna,US,2022-05-13 16:43:59,40.5982,-124.1573,56.66,94,100,12.66
189,Marsa Matruh,EG,2022-05-13 16:44:00,31.3525,27.2453,68.2,77,0,8.05
190,Georgetown,MY,2022-05-13 16:41:33,5.4112,100.3354,84.13,88,20,3.44
191,Hammerfest,NO,2022-05-13 16:41:13,70.6634,23.6821,34.25,93,75,9.22
192,Torbay,CA,2022-05-13 16:42:09,47.6666,-52.7314,56.88,56,75,11.5
193,Ilulissat,GL,2022-05-13 16:44:01,69.2167,-51.1,24.82,80,75,16.11
194,Luderitz,NA,2022-05-13 16:40:13,-26.6481,15.1594,58.95,68,99,16.2
195,Tabas,IR,2022-05-13 16:44:02,33.5959,56.9244,80.82,22,0,16.11
196,Praia,CV,2022-05-13 16:41:13,14.9215,-23.5087,86.54,35,0,26.46
197,Bilma,NE,2022-05-13 16:44:03,18.6853,12.9164,96.06,10,1,17.83
198,Ahome,MX,2022-05-13 16:44:03,25.9167,-109.1833,80.55,22,23,5.37
199,Kununurra,AU,2022-05-13 16:44:04,-15.7667,128.7333,71.58,83,79,0.0
200,Yumen,CN,2022-05-13 16:44:04,40.2833,97.2,46.67,55,80,7.23
201,Aras,ES,2022-05-13 16:44:05,42.5617,-2.356,81.01,32,20,2.3
202,Caarapo,BR,2022-05-13 16:44:05,-22.6342,-54.8222,77.27,49,0,5.41
203,Cholet,FR,2022-05-13 16:44:06,47.1667,-1.0,72.64,50,62,5.5
204,Vila Velha,BR,2022-05-13 16:43:43,-20.3297,-40.2925,80.55,61,40,16.11
205,Havre-Saint-Pierre,CA,2022-05-13 16:41:09,50.2334,-63.5986,44.96,70,100,11.5
206,Reconquista,AR,2022-05-13 16:44:07,-29.15,-59.65,69.66,56,100,5.23
207,Necochea,AR,2022-05-13 16:43:48,-38.5473,-58.7368,52.52,84,100,14.67
208,Clyde River,CA,2022-05-13 16:44:08,70.4692,-68.5914,25.03,68,20,18.41
209,Ponta Delgada,PT,2022-05-13 16:44:08,37.7333,-25.6667,65.12,77,75,11.5
210,Cabo San Lucas,MX,2022-05-13 16:41:45,22.8909,-109.9124,87.62,68,0,6.91
211,Santa Maria,BR,2022-05-13 16:44:10,-29.6842,-53.8069,65.5,63,0,11.5
212,Konstantinovka,RU,2022-05-13 16:44:10,49.6167,127.9833,40.87,75,46,2.68
213,Andenes,NO,2022-05-13 16:44:11,69.3143,16.1194,40.98,87,75,8.05
214,Faanui,PF,2022-05-13 16:44:11,-16.4833,-151.75,81.21,71,18,16.98
215,Novoutkinsk,RU,2022-05-13 16:44:12,56.993,59.5571,43.43,93,99,3.6
216,Poum,NC,2022-05-13 16:44:12,-20.2333,164.0167,76.53,74,100,28.43
217,Avanigadda,IN,2022-05-13 16:44:13,16.0215,80.9181,83.95,81,15,7.85
218,Dingle,PH,2022-05-13 16:44:13,10.9995,122.6711,78.78,85,26,2.62
219,Batagay,RU,2022-05-13 16:44:14,67.6333,134.6333,23.16,76,100,5.82
220,Naron,ES,2022-05-13 16:44:15,43.5167,-8.1528,75.56,63,54,5.84
221,Half Moon Bay,US,2022-05-13 16:44:16,37.4636,-122.4286,67.87,65,0,11.5
222,Koson,UZ,2022-05-13 16:44:16,39.0375,65.585,70.12,37,18,8.66
223,Port Moresby,PG,2022-05-13 16:44:07,-9.4431,147.1797,74.62,100,20,5.75
224,Portland,US,2022-05-13 16:43:09,45.5234,-122.6762,52.63,73,75,4.61
225,Yinchuan,CN,2022-05-13 16:44:18,38.4681,106.2731,55.78,12,100,5.82
226,Te Anau,NZ,2022-05-13 16:44:19,-45.4167,167.7167,50.99,96,100,3.09
227,Vestmannaeyjar,IS,2022-05-13 16:44:19,63.4427,-20.2734,47.39,46,0,8.05
228,Gazojak,TM,2022-05-13 16:44:20,41.1875,61.4036,71.67,33,90,19.26
229,Depalpur,IN,2022-05-13 16:44:21,22.85,75.55,93.6,21,3,14.7
230,Flinders,AU,2022-05-13 16:44:12,-34.5833,150.8552,64.18,92,63,4.0
231,Wexford,IE,2022-05-13 16:44:21,52.3342,-6.4575,63.21,79,90,15.61
232,Inverness,GB,2022-05-13 16:42:15,57.4791,-4.224,57.97,64,75,25.32
233,Coquimbo,CL,2022-05-13 16:44:22,-29.9533,-71.3436,60.53,72,20,5.75
234,Peruibe,BR,2022-05-13 16:44:23,-24.32,-46.9983,71.04,75,58,4.61
235,Saint George,US,2022-05-13 16:44:23,37.1041,-113.5841,69.26,19,0,1.99
236,Hearst,CA,2022-05-13 16:44:24,49.6835,-83.6665,62.85,66,100,8.16
237,Lagoa,PT,2022-05-13 16:39:55,39.05,-27.9833,60.31,71,9,9.37
238,Antalaha,MG,2022-05-13 16:44:25,-14.9003,50.2788,74.44,74,14,9.82
239,Hvolsvollur,IS,2022-05-13 16:44:25,63.7533,-20.2243,47.07,46,71,1.52
240,Cristalina,BR,2022-05-13 16:44:26,-16.7686,-47.6136,76.08,43,46,4.59
241,Provideniya,RU,2022-05-13 16:44:26,64.3833,-173.3,33.66,71,6,3.67
242,Saskylakh,RU,2022-05-13 16:44:27,71.9167,114.0833,10.33,97,95,7.85
243,Chokurdakh,RU,2022-05-13 16:44:28,70.6333,147.9167,15.93,92,100,8.43
244,Yuanping,CN,2022-05-13 16:44:28,38.7153,112.7575,50.2,35,96,4.81
245,Vostok,RU,2022-05-13 16:44:29,46.4856,135.8833,41.68,81,100,3.78
246,Terrace,CA,2022-05-13 16:44:29,54.5163,-128.6035,46.31,57,75,21.85
247,San Quintin,MX,2022-05-13 16:44:30,30.4833,-115.95,70.05,50,65,8.88
248,Balkhash,KZ,2022-05-13 16:44:30,46.844,74.9804,65.84,50,6,9.44
249,Klaksvik,FO,2022-05-13 16:44:31,62.2266,-6.589,43.72,67,75,21.09
250,Carnarvon,AU,2022-05-13 16:44:31,-24.8667,113.6333,67.82,58,5,20.56
251,Mackenzie,CA,2022-05-13 16:44:32,55.2999,-123.1698,43.02,65,0,0.0
252,Balatonszarszo,HU,2022-05-13 16:44:32,46.8295,17.8243,68.61,68,69,4.61
253,Koidu,SL,2022-05-13 16:44:33,8.4167,-10.8333,88.48,60,100,2.82
254,Piste,MX,2022-05-13 16:44:33,20.7,-88.5833,94.69,26,0,0.85
255,Paamiut,GL,2022-05-13 16:44:34,61.994,-49.6678,30.9,64,100,20.2
256,Salinopolis,BR,2022-05-13 16:44:34,-0.6136,-47.3561,83.95,72,40,7.67
257,Tyazhinskiy,RU,2022-05-13 16:44:35,56.116,88.524,55.72,36,0,6.71
258,Zarate,AR,2022-05-13 16:44:35,-34.0981,-59.0286,66.81,67,100,7.0
259,Dongsheng,CN,2022-05-13 16:44:36,39.8161,109.9776,45.84,30,100,3.06
260,Podgornoye,RU,2022-05-13 16:44:37,51.735,39.1496,61.02,36,0,15.66
261,Auki,SB,2022-05-13 16:44:37,-8.7676,160.7034,76.8,88,15,3.24
262,Obzor,BG,2022-05-13 16:44:38,42.8167,27.8833,72.14,71,5,7.52
263,Juneau,US,2022-05-13 16:41:48,58.3019,-134.4197,47.98,89,20,11.5
264,Twin Falls,US,2022-05-13 16:44:39,42.3505,-114.6445,50.34,58,40,11.5
265,Ambulu,ID,2022-05-13 16:44:39,-8.345,113.6058,77.58,88,54,2.48
266,Obo,CF,2022-05-13 16:44:40,5.3998,26.4869,77.95,66,92,4.81
267,Klungkung,ID,2022-05-13 16:44:40,-8.5333,115.4,79.48,90,56,0.67
268,Mayo,US,2022-05-13 16:44:29,38.8876,-76.5119,69.08,93,100,5.75
269,Nantucket,US,2022-05-13 16:44:41,41.2835,-70.0995,66.31,99,100,6.53
270,Vangaindrano,MG,2022-05-13 16:44:42,-23.35,47.6,68.29,81,22,1.83
271,Sinaloa,MX,2022-05-13 16:44:05,25.0,-107.5,86.11,60,6,5.99
272,Mineiros,BR,2022-05-13 16:44:42,-17.5694,-52.5511,83.86,44,3,3.85
273,Nautla,MX,2022-05-13 16:44:43,20.2167,-96.7833,86.65,57,42,12.08
274,Touros,BR,2022-05-13 16:44:43,-5.1989,-35.4608,78.51,87,97,11.83
275,Nome,US,2022-05-13 16:44:44,64.5011,-165.4064,29.16,68,20,6.91
276,Dabwali,IN,2022-05-13 16:44:45,29.95,74.7333,100.42,7,0,4.68
277,Harare,ZW,2022-05-13 16:44:45,-17.8294,31.0539,65.82,58,14,5.01
278,Kyzyl-Suu,KG,2022-05-13 16:44:46,42.3414,78.0056,51.89,64,79,3.29
279,Caravelas,BR,2022-05-13 16:44:47,-17.7125,-39.2481,81.1,64,36,8.86
280,Lasa,IT,2022-05-13 16:40:36,46.6166,10.7002,72.48,85,75,3.8
281,Severo-Kurilsk,RU,2022-05-13 16:44:48,50.6789,156.125,38.46,97,100,13.22
282,Lardos,GR,2022-05-13 16:44:49,36.0942,28.0157,71.42,63,29,4.36
283,Buchanan,LR,2022-05-13 16:44:49,5.8808,-10.0467,82.36,75,72,8.43
284,Acari,PE,2022-05-13 16:44:50,-15.4311,-74.6158,77.77,51,23,9.53
285,Klobuck,PL,2022-05-13 16:44:50,50.9008,18.9367,66.85,76,87,8.52
286,Bathsheba,BB,2022-05-13 16:44:51,13.2167,-59.5167,86.61,66,20,23.02
287,Pemangkat,ID,2022-05-13 16:44:51,1.1667,108.9667,79.75,81,100,3.47
288,Ngawi,ID,2022-05-13 16:44:52,-7.4038,111.4461,76.89,91,80,2.48
289,Little Current,CA,2022-05-13 16:44:52,45.9793,-81.9248,69.42,58,93,7.23
290,Sao Filipe,CV,2022-05-13 16:40:41,14.8961,-24.4956,75.81,71,12,3.36
291,Houma,US,2022-05-13 16:44:53,29.5958,-90.7195,84.0,68,40,6.91
292,Defiance,US,2022-05-13 16:44:53,41.3334,-84.45,84.45,47,0,9.22
293,Husavik,IS,2022-05-13 16:44:54,66.0449,-17.3389,34.02,99,100,6.6
294,Marsh Harbour,BS,2022-05-13 16:44:54,26.5412,-77.0636,79.41,68,0,12.73
295,Hovd,MN,2022-05-13 16:44:55,48.0056,91.6419,49.23,20,0,1.03
296,Goure,NE,2022-05-13 16:44:56,13.9835,10.2704,104.02,7,19,11.07
297,Rawson,AR,2022-05-13 16:40:55,-43.3002,-65.1023,55.11,48,51,25.9
298,Solhan,TR,2022-05-13 16:44:57,38.9634,41.0293,50.88,73,1,2.3
299,Riohacha,CO,2022-05-13 16:44:58,11.5444,-72.9072,87.91,66,40,13.8
300,Gobabis,NA,2022-05-13 16:44:59,-22.45,18.9667,67.24,19,27,5.99
301,Burnie,AU,2022-05-13 16:44:59,-41.0667,145.9167,57.94,89,100,14.34
302,Damietta,EG,2022-05-13 16:45:00,31.4165,31.8133,71.49,71,23,14.76
303,Rheine,DE,2022-05-13 16:45:01,52.2833,7.45,66.22,58,100,14.05
304,Turukhansk,RU,2022-05-13 16:45:01,65.8167,87.9833,41.14,79,44,3.06
305,Oum Hadjer,TD,2022-05-13 16:45:02,13.2954,19.6966,95.34,26,66,13.98
306,Tabuk,PH,2022-05-13 16:45:02,17.4189,121.4443,77.61,86,93,2.8
307,Geraldton,AU,2022-05-13 16:45:03,-28.7667,114.6,59.41,88,100,5.75
308,Hachinohe,JP,2022-05-13 16:45:04,40.5,141.5,57.7,97,100,3.98
309,Faya,SA,2022-05-13 16:45:05,18.3851,42.4509,79.32,21,3,10.31
310,Grand Gaube,MU,2022-05-13 16:45:05,-20.0064,57.6608,75.6,74,31,1.99
311,Olafsvik,IS,2022-05-13 16:45:06,64.8945,-23.7142,35.76,67,97,20.24
312,Villarrica,PY,2022-05-13 16:45:06,-25.75,-56.4333,73.67,57,1,4.54
313,Terrace Bay,CA,2022-05-13 16:45:07,48.7834,-87.1,46.99,96,100,5.99
314,Harper,LR,2022-05-13 16:45:08,4.375,-7.7169,83.68,73,100,6.38
315,Huilong,CN,2022-05-13 16:45:08,31.8111,121.655,58.93,78,39,7.81
316,Haguimit,PH,2022-05-13 16:45:09,10.4008,123.0186,77.14,87,100,0.94
317,Pangai,TO,2022-05-13 16:45:09,-19.8,-174.35,76.08,61,99,19.82
318,Worthing,GB,2022-05-13 16:44:25,50.8145,-0.3713,66.56,75,20,20.71
319,Unguia,CO,2022-05-13 16:45:10,8.0434,-77.0945,82.42,87,93,0.11
320,Beringovskiy,RU,2022-05-13 16:45:11,63.05,179.3167,33.28,86,100,4.54
321,Port Macquarie,AU,2022-05-13 16:45:11,-31.4333,152.9167,67.89,94,100,0.0
322,Puerto Montt,CL,2022-05-13 16:45:12,-41.4698,-72.9447,47.23,100,75,8.05
323,Atar,MR,2022-05-13 16:45:13,20.5169,-13.0499,108.99,8,75,12.1
324,Eyl,SO,2022-05-13 16:45:13,7.9803,49.8164,83.91,78,95,25.21
325,Zhigansk,RU,2022-05-13 16:45:14,66.7697,123.3711,19.58,83,25,10.63
326,Palana,RU,2022-05-13 16:45:14,59.1167,159.9667,35.69,88,99,4.68
327,Bethanien,NA,2022-05-13 16:45:15,-26.502,17.1583,64.8,12,91,5.37
328,Port Hawkesbury,CA,2022-05-13 16:45:15,45.6169,-61.3485,70.92,55,75,9.22
329,Boa Vista,BR,2022-05-13 16:43:44,2.8197,-60.6733,78.78,89,100,3.44
330,Kysyl-Syr,RU,2022-05-13 16:45:16,63.8986,122.7617,28.08,86,95,11.95
331,Tautira,PF,2022-05-13 16:45:16,-17.7333,-149.15,80.02,76,31,17.63
332,Xining,CN,2022-05-13 16:45:17,36.6167,101.7667,38.8,93,100,5.41
333,Prattville,US,2022-05-13 16:45:17,32.464,-86.4597,81.64,55,40,11.5
334,Tres Lagoas,BR,2022-05-13 16:45:07,-20.7511,-51.6783,86.74,35,0,1.3
335,Bandarbeyla,SO,2022-05-13 16:45:19,9.4942,50.8122,83.25,83,67,17.6
336,Kharan,PK,2022-05-13 16:41:05,28.5833,65.4167,95.14,6,1,2.64
337,Aswan,EG,2022-05-13 16:41:36,24.0934,32.907,110.5,6,0,0.0
338,Hobyo,SO,2022-05-13 16:45:20,5.3505,48.5268,82.35,82,87,26.33
339,Prigorodnyy,RU,2022-05-13 16:45:20,51.7661,55.2665,55.56,88,40,8.95
340,Pevek,RU,2022-05-13 16:42:14,69.7008,170.3133,23.34,78,2,15.43
341,Katsuura,JP,2022-05-13 16:45:22,35.1333,140.3,69.82,92,100,27.36
342,Manakara,MG,2022-05-13 16:45:22,-22.1333,48.0167,70.97,76,86,2.91
343,Saldanha,ZA,2022-05-13 16:45:23,-33.0117,17.9442,60.85,71,85,6.46
344,College,US,2022-05-13 16:45:23,64.8569,-147.8028,38.07,92,75,5.75
345,Yerbogachen,RU,2022-05-13 16:45:24,61.2767,108.0108,40.41,93,97,4.14
346,Raudeberg,NO,2022-05-13 16:45:24,61.9875,5.1352,43.47,93,100,15.7
347,Komsomolskiy,UZ,2022-05-13 16:45:25,40.4272,71.7189,72.32,43,20,2.3
348,Ippy,CF,2022-05-13 16:45:25,6.2679,21.2247,82.13,61,67,4.54
349,Pailon,BO,2022-05-13 16:45:26,-17.65,-62.75,85.68,39,0,15.77
350,Santa Isabel Do Rio Negro,BR,2022-05-13 16:45:26,-0.4139,-65.0192,78.24,96,75,7.05
351,Peleduy,RU,2022-05-13 16:45:27,59.6289,112.7406,46.02,92,100,2.39
352,San Cristobal,VE,2022-05-13 16:45:27,7.7669,-72.225,75.38,45,56,9.51
353,Doka,SD,2022-05-13 16:45:28,13.5167,35.7667,98.67,21,0,5.5
354,Quatre Cocos,MU,2022-05-13 16:45:28,-20.2078,57.7625,75.31,73,29,13.33
355,Arlit,NE,2022-05-13 16:45:29,18.7369,7.3853,103.86,6,32,8.59
356,Nova Odesa,UA,2022-05-13 16:45:30,47.3078,31.7851,69.78,61,77,6.6
357,Boden,SE,2022-05-13 16:45:30,65.8252,21.6886,55.4,42,87,3.33
358,Palmer,US,2022-05-13 16:45:34,42.1584,-72.3287,81.63,59,40,4.61
359,Shirokiy,RU,2022-05-13 16:45:35,49.758,129.523,39.47,71,11,3.6
360,Gat,IL,2022-05-13 16:44:01,31.61,34.7642,83.39,41,30,12.35
361,Yecla,ES,2022-05-13 16:45:40,38.6137,-1.1147,76.78,39,4,9.66
362,Puerto Narino,CO,2022-05-13 16:45:40,-3.7703,-70.3831,86.43,66,25,2.26
363,Namtsy,RU,2022-05-13 16:45:41,62.7161,129.6658,31.01,86,100,9.55
364,Micheweni,TZ,2022-05-13 16:45:41,-4.9667,39.8333,79.52,77,38,12.95
365,Teahupoo,PF,2022-05-13 16:45:42,-17.8333,-149.2667,67.96,77,33,18.72
366,Obera,AR,2022-05-13 16:41:14,-27.4871,-55.1199,74.91,43,11,3.22
367,Tandayag,PH,2022-05-13 16:45:43,9.4547,123.2299,81.1,82,100,2.37
368,Sao Joao Da Ponte,BR,2022-05-13 16:41:15,-15.9292,-44.0078,91.2,22,33,4.88
369,Iwaki,JP,2022-05-13 16:45:44,37.05,140.8833,69.76,98,100,8.37
370,Cortez,US,2022-05-13 16:45:44,37.3489,-108.5859,61.7,15,0,0.0
371,Patos De Minas,BR,2022-05-13 16:45:45,-18.5789,-46.5181,83.62,37,95,3.71
372,Boguchany,RU,2022-05-13 16:45:45,58.3814,97.4531,51.3,54,68,2.01
373,Carman,CA,2022-05-13 16:45:46,49.4992,-98.0016,55.74,76,100,29.93
374,Rumuruti,KE,2022-05-13 16:45:49,0.267,36.5389,63.55,72,48,8.9
375,Kardamaina,GR,2022-05-13 16:45:50,36.7814,27.1425,72.88,49,20,5.75
376,Coldwater,US,2022-05-13 16:45:51,41.9403,-85.0005,83.12,41,0,3.44
377,Victoria Point,AU,2022-05-13 16:45:51,-27.5833,153.3,72.16,93,100,4.0
378,Wanning,CN,2022-05-13 16:45:52,18.8003,110.3967,80.31,88,89,7.63
379,Gunjur,GM,2022-05-13 16:45:52,13.2019,-16.7339,87.87,58,0,8.05
380,Alice Springs,AU,2022-05-13 16:45:53,-23.7,133.8833,53.15,54,13,0.0
381,Celestun,MX,2022-05-13 16:45:54,20.8667,-90.4,83.77,46,0,5.57
382,Ruteng,ID,2022-05-13 16:45:54,-8.6136,120.4721,62.78,94,48,1.32
383,Baghdad,IQ,2022-05-13 16:43:46,33.3406,44.4009,85.91,12,0,11.5
384,Yaan,NG,2022-05-13 16:45:55,7.3833,8.5667,93.38,46,28,3.11
385,Takoradi,GH,2022-05-13 16:45:55,4.8845,-1.7554,83.03,77,100,9.64
386,San Ramon,US,2022-05-13 16:45:56,37.7799,-121.978,67.12,62,0,3.44
387,Teshie,GH,2022-05-13 16:45:56,5.5836,-0.1072,88.36,70,20,12.66
388,Zyryanka,RU,2022-05-13 16:45:57,65.75,150.85,34.3,80,16,9.95
389,Samana,DO,2022-05-13 16:45:57,19.2056,-69.3369,84.16,89,40,17.27
390,Comodoro Rivadavia,AR,2022-05-13 16:45:01,-45.8667,-67.5,57.06,41,20,23.02
391,Otjiwarongo,NA,2022-05-13 16:43:49,-20.4637,16.6477,62.19,31,0,5.1
392,Carutapera,BR,2022-05-13 16:45:58,-1.195,-46.02,84.58,73,23,6.73
393,Gao,ML,2022-05-13 16:45:59,16.6362,1.637,106.88,4,43,8.86
394,Kruisfontein,ZA,2022-05-13 16:45:59,-34.0033,24.7314,61.88,77,14,14.23
395,Nikolayevka,RU,2022-05-13 16:46:00,53.1257,47.2041,50.7,75,91,7.14
396,Humen,CN,2022-05-13 16:46:00,22.819,113.6731,75.13,91,99,5.3
397,Ulaangom,MN,2022-05-13 16:46:01,49.9811,92.0667,50.13,25,6,0.65
398,Yulara,AU,2022-05-13 16:46:02,-25.2406,130.9889,65.66,48,100,7.27
399,Sloboda,RU,2022-05-13 16:46:02,51.1421,40.3021,52.5,73,65,8.66
400,Mocuba,MZ,2022-05-13 16:46:03,-16.8392,36.9856,67.1,95,6,3.76
401,Pahrump,US,2022-05-13 16:46:03,36.2083,-115.9839,71.49,12,0,1.99
402,Hosakote,IN,2022-05-13 16:46:04,14.2769,77.1699,79.27,69,77,20.0
403,Yendi,GH,2022-05-13 16:46:04,9.4427,-0.0099,95.41,42,99,4.88
404,Yatou,CN,2022-05-13 16:46:05,37.15,122.3833,49.8,31,33,6.71
405,The Pas,CA,2022-05-13 16:46:05,53.8251,-101.2541,44.62,65,100,11.5
406,Visby,SE,2022-05-13 16:46:06,57.6409,18.296,58.05,62,0,10.36
407,Port Blair,IN,2022-05-13 16:46:07,11.6667,92.75,82.44,89,75,1.14
408,Porto Novo,BJ,2022-05-13 16:46:07,6.4965,2.6036,87.62,71,48,10.54
409,Pionerskiy,RU,2022-05-13 16:46:08,54.9508,20.2275,53.74,69,100,12.06
410,Kondol,RU,2022-05-13 16:46:08,52.8189,45.058,56.26,74,86,12.1
411,Eureka,US,2022-05-13 16:44:00,40.8021,-124.1637,56.93,74,100,4.0
412,Kiama,AU,2022-05-13 16:46:09,-34.6833,150.8667,64.38,94,60,3.44
413,Sinnamary,GF,2022-05-13 16:46:10,5.3833,-52.95,83.1,73,18,11.39
414,Khor,RU,2022-05-13 16:46:10,47.8861,134.9464,45.57,59,84,6.89
415,Notre-Dame-Du-Lac,CA,2022-05-13 16:46:11,47.6136,-68.7964,86.88,34,46,12.19
416,Kuningan,ID,2022-05-13 16:46:11,-6.9758,108.4831,73.78,93,100,0.45
417,Severo-Yeniseyskiy,RU,2022-05-13 16:46:12,60.3725,93.0408,38.48,93,37,4.03
418,Wuda,CN,2022-05-13 16:46:12,39.4994,106.7117,53.82,15,100,2.17
419,Keningau,MY,2022-05-13 16:46:13,5.3378,116.1602,73.36,99,100,2.06
420,Nizwa,OM,2022-05-13 16:46:13,22.9333,57.5333,89.74,12,0,2.26
421,Amahai,ID,2022-05-13 16:46:14,-3.3333,128.9167,79.83,83,66,2.28
422,Maragogi,BR,2022-05-13 16:46:14,-9.0122,-35.2225,82.72,73,27,8.43
423,Ankang,CN,2022-05-13 16:46:15,32.68,109.0172,59.36,77,100,2.91
424,Quelimane,MZ,2022-05-13 16:46:15,-17.8786,36.8883,69.75,83,1,4.09
425,Katherine,AU,2022-05-13 16:46:16,-14.4667,132.2667,70.12,73,96,0.0
426,Harsud,IN,2022-05-13 16:46:16,22.1,76.7333,101.34,16,59,16.44
427,Machado,BR,2022-05-13 16:46:17,-21.6747,-45.9197,76.01,51,0,1.23
428,Farmington,US,2022-05-13 16:46:18,36.7281,-108.2187,67.77,15,0,3.44
429,Yarkovo,RU,2022-05-13 16:46:18,57.4028,67.0786,55.15,68,99,7.45
430,Hambantota,LK,2022-05-13 16:44:27,6.1241,81.1185,79.65,87,100,16.35
431,Trairi,BR,2022-05-13 16:43:19,-3.2778,-39.2689,76.42,93,97,8.61
432,Nanortalik,GL,2022-05-13 16:46:19,60.1432,-45.2371,32.79,90,100,4.99
433,Jizan,SA,2022-05-13 16:46:20,17.3333,42.6667,88.74,54,7,4.74
434,Verkhoyansk,RU,2022-05-13 16:46:20,67.5447,133.385,22.03,73,100,5.64
435,Labuhan,ID,2022-05-13 16:46:21,-6.8844,112.2051,79.84,86,68,5.23
436,Macau,MO,2022-05-13 16:43:26,22.2006,113.5461,76.8,100,40,4.61
437,Uyar,RU,2022-05-13 16:46:21,55.81,94.3153,53.08,38,44,5.23
438,Phultala,BD,2022-05-13 16:46:22,22.7,89.5167,83.12,81,73,13.27
439,Gizo,SB,2022-05-13 16:46:23,-8.103,156.8419,81.27,74,17,7.58
440,Puerto Del Rosario,ES,2022-05-13 16:46:23,28.5004,-13.8627,71.35,73,20,5.75
441,Mkushi,ZM,2022-05-13 16:46:24,-13.6202,29.3939,62.78,67,16,6.02
442,Tataranu,RO,2022-05-13 16:46:24,45.5167,27.3167,77.27,47,10,5.55
443,Bintulu,MY,2022-05-13 16:46:25,3.1667,113.0333,77.41,94,40,7.0
444,Aljezur,PT,2022-05-13 16:46:25,37.3191,-8.8033,74.17,53,84,4.79
445,Port Keats,AU,2022-05-13 16:46:26,-14.25,129.55,76.87,77,48,1.32
446,Teknaf,BD,2022-05-13 16:46:27,20.8624,92.3058,82.36,82,1,8.57
447,Saint-Pierre,RE,2022-05-13 16:43:13,-21.3393,55.4781,70.92,68,0,8.05
448,Broken Hill,AU,2022-05-13 16:46:27,-31.95,141.4333,60.03,68,96,9.42
449,Vanimo,PG,2022-05-13 16:46:28,-2.6741,141.3028,77.95,85,100,4.79
450,Sioni,GE,2022-05-13 16:46:28,41.9895,45.0239,59.36,78,6,2.06
451,Karpathos,GR,2022-05-13 16:46:29,35.507,27.2132,67.96,68,0,8.05
452,Adrar,MR,2022-05-13 16:42:05,20.5022,-10.0711,104.79,6,46,10.02
453,Petropavlovsk-Kamchatskiy,RU,2022-05-13 16:43:15,53.0452,158.6483,39.79,100,100,6.71
454,Talnakh,RU,2022-05-13 16:46:30,69.4865,88.3972,38.21,100,100,7.05
455,Kawalu,ID,2022-05-13 16:43:29,-7.3817,108.2082,75.87,95,100,1.63
456,Balabac,PH,2022-05-13 16:46:31,7.9868,117.0645,81.34,79,94,2.73
457,Camacha,PT,2022-05-13 16:46:31,33.0833,-16.3333,69.22,60,20,6.91
458,Svetlaya,RU,2022-05-13 16:46:32,46.5389,138.3297,45.82,89,100,3.53
459,Christchurch,NZ,2022-05-13 16:45:00,-43.5333,172.6333,49.95,89,100,2.3
460,Lovozero,RU,2022-05-13 16:46:33,68.005,35.0117,40.95,85,100,4.54
461,Aklavik,CA,2022-05-13 16:46:33,68.2191,-135.0107,34.52,85,100,16.78
462,Elko,US,2022-05-13 16:46:34,41.0002,-115.5012,54.73,42,67,14.0
463,Isangel,VU,2022-05-13 16:46:35,-19.55,169.2667,73.67,65,100,14.18
464,Berlevag,NO,2022-05-13 16:46:35,70.8578,29.0864,37.35,81,75,14.97
465,Paka,MY,2022-05-13 16:46:36,4.6374,103.4368,80.53,94,72,0.0
466,Jatai,BR,2022-05-13 16:46:36,-17.8814,-51.7144,85.87,39,35,4.68
467,Semnan,IR,2022-05-13 16:46:37,35.5729,53.3971,62.44,31,75,11.5
468,Iacu,BR,2022-05-13 16:46:41,-12.7672,-40.2117,93.02,30,6,8.14
469,Launceston,AU,2022-05-13 16:45:29,-41.45,147.1667,56.61,88,100,0.0
470,Arak,IR,2022-05-13 16:46:42,34.0917,49.6892,55.26,52,77,13.94
471,Alice Town,BS,2022-05-13 16:46:43,25.7167,-79.3,78.51,63,5,7.87
472,Odienne,CI,2022-05-13 16:46:43,9.51,-7.5692,96.03,33,100,6.98
473,Duliagaon,IN,2022-05-13 16:46:44,27.3667,95.3167,70.21,99,100,2.89
474,George Town,MY,2022-05-13 16:46:44,5.4112,100.3354,84.13,87,20,3.44
475,Sisimiut,GL,2022-05-13 16:46:45,66.9395,-53.6735,25.93,75,100,10.6
476,Kungurtug,RU,2022-05-13 16:46:45,50.5994,97.5228,38.64,45,0,0.96
477,Samagaltay,RU,2022-05-13 16:46:46,50.6022,95.0047,44.62,23,4,2.59
478,Hohhot,CN,2022-05-13 16:46:46,40.8106,111.6522,41.29,30,0,4.47
479,Bealanana,MG,2022-05-13 16:46:47,-14.55,48.7333,61.48,95,81,3.91
480,Kvarkeno,RU,2022-05-13 16:46:48,52.0833,59.725,52.83,91,100,20.89
481,Los Llanos De Aridane,ES,2022-05-13 16:46:48,28.6585,-17.9182,66.13,91,75,3.44
482,Northview,US,2022-05-13 16:46:49,43.0456,-85.6006,84.16,41,20,9.22
483,Tazmalt,DZ,2022-05-13 16:46:49,36.3868,4.3989,82.29,40,12,6.58
484,Ovsyanka,RU,2022-05-13 16:46:50,55.9575,92.5519,47.37,40,11,1.81
485,Volya,RU,2022-05-13 16:46:50,51.7651,39.5404,60.89,66,50,9.89
486,Alangudi,IN,2022-05-13 16:46:51,10.3606,78.9849,81.84,72,99,9.48
487,Iqaluit,CA,2022-05-13 16:46:51,63.7506,-68.5145,22.73,73,20,10.36
488,Pontes E Lacerda,BR,2022-05-13 16:46:52,-15.2261,-59.3353,91.96,38,10,4.9
489,Naze,JP,2022-05-13 16:46:52,28.3667,129.4833,70.72,94,100,19.08
490,West Wendover,US,2022-05-13 16:46:53,40.7391,-114.0733,56.41,28,0,0.0
491,Lashio,MM,2022-05-13 16:46:54,22.9333,97.75,67.69,97,20,1.61
492,Beira,MZ,2022-05-13 16:46:54,-19.8436,34.8389,73.49,83,20,4.61
493,Calabozo,VE,2022-05-13 16:46:55,8.9242,-67.4293,91.78,42,63,9.1
494,Kainantu,PG,2022-05-13 16:46:55,-6.2887,145.8655,59.04,94,63,2.68
495,Ostrovnoy,RU,2022-05-13 16:46:56,68.0531,39.5131,46.49,82,100,4.34
496,Valle De Juarez,MX,2022-05-13 16:46:56,19.9333,-102.9333,80.06,30,100,0.87
497,Malumfashi,NG,2022-05-13 16:46:57,11.7853,7.6218,99.37,11,20,7.54
498,Whitehaven,GB,2022-05-13 16:46:57,54.549,-3.5841,55.65,86,89,5.01
499,Lavrentiya,RU,2022-05-13 16:46:58,65.5833,-171.0,19.54,80,8,3.51
500,Barra Patuca,HN,2022-05-13 16:46:59,15.8,-84.2833,82.76,61,39,10.92
501,Misratah,LY,2022-05-13 16:47:00,32.3754,15.0925,67.87,60,4,9.13
502,Mumford,GH,2022-05-13 16:47:01,5.2618,-0.759,83.91,74,55,13.29
503,Sao Paulo De Olivenca,BR,2022-05-13 16:43:12,-3.3783,-68.8725,84.67,74,27,2.66
504,Atherton,GB,2022-05-13 16:47:01,53.5237,-2.4935,65.28,57,99,8.01
505,Yueyang,CN,2022-05-13 16:47:02,29.3333,113.0919,61.16,74,58,8.57
506,Espera Feliz,BR,2022-05-13 16:47:02,-20.6503,-41.9072,72.37,71,98,2.33
507,Baturaja,ID,2022-05-13 16:47:03,-4.1333,104.1667,75.72,92,99,1.79
508,Candelaria,PH,2022-05-13 16:47:03,13.9311,121.4233,80.38,84,13,1.1
509,Catamarca,AR,2022-05-13 16:47:04,-28.4696,-65.7852,69.78,60,100,4.0
510,Ballina,AU,2022-05-13 16:47:05,-28.8667,153.5667,69.78,83,97,11.97
511,Vieques,PR,2022-05-13 16:47:05,18.425,-65.8329,86.04,72,83,18.7
512,Saint-Augustin,CA,2022-05-13 16:47:06,51.226,-58.6502,54.95,34,100,4.94
513,Mareeba,AU,2022-05-13 16:47:06,-17.0,145.4333,66.92,97,6,1.34
514,Moroni,KM,2022-05-13 16:47:07,-11.7022,43.2551,78.01,75,10,7.4
515,Walvis Bay,NA,2022-05-13 16:47:08,-22.9575,14.5053,67.15,59,0,10.36
516,Barbate,ES,2022-05-13 16:44:44,36.1924,-5.9219,74.39,54,59,15.77
517,Malanje,AO,2022-05-13 16:47:09,-9.5402,16.341,71.89,68,86,3.47
518,Tiarei,PF,2022-05-13 16:47:09,-17.5333,-149.3333,73.42,74,17,18.19
519,Sept-Iles,CA,2022-05-13 16:42:20,50.2001,-66.3821,45.12,86,100,9.22
520,Port Augusta,AU,2022-05-13 16:47:10,-32.5,137.7667,67.17,48,100,18.48
521,Hasaki,JP,2022-05-13 16:47:10,35.7333,140.8333,72.0,90,100,28.74
522,Udachnyy,RU,2022-05-13 16:47:11,66.4167,112.4,21.27,86,36,2.75
523,Ixtapa,MX,2022-05-13 16:47:11,20.7,-105.2,92.68,34,59,7.07
524,Asau,RO,2022-05-13 16:47:12,46.4333,26.4,64.96,84,73,1.77
525,Meiganga,CM,2022-05-13 16:47:13,6.5167,14.3,71.02,73,49,7.11
526,Tual,ID,2022-05-13 16:47:13,-5.6667,132.75,83.73,76,57,9.31
527,Chanute,US,2022-05-13 16:47:14,37.6792,-95.4572,71.82,64,0,13.8
528,Perg,AT,2022-05-13 16:47:14,48.25,14.6333,70.14,87,71,8.97
529,Anori,BR,2022-05-13 16:47:15,-3.7728,-61.6442,83.25,83,90,5.01
530,Tuatapere,NZ,2022-05-13 16:47:15,-46.1333,167.6833,51.15,95,100,6.6
531,Dzerzhinskoye,RU,2022-05-13 16:47:16,56.8344,95.2283,54.36,37,100,3.85
532,Lahaina,US,2022-05-13 16:47:16,20.8783,-156.6825,74.8,81,56,6.38
533,Bajil,YE,2022-05-13 16:47:17,15.0584,43.2851,93.51,42,82,9.24
534,Srednekolymsk,RU,2022-05-13 16:47:17,67.45,153.6833,30.58,86,59,4.09
535,Ewa Beach,US,2022-05-13 16:47:18,21.3156,-158.0072,74.59,73,75,9.22
536,Russell,US,2022-05-13 16:47:18,32.3502,-85.1999,76.12,73,75,6.91
537,Mandurah,AU,2022-05-13 16:47:19,-32.55,115.7,58.91,63,100,15.48
538,Rapid City,US,2022-05-13 16:44:20,44.0805,-103.231,64.09,35,0,23.02
539,Lahij,YE,2022-05-13 16:47:20,13.1667,44.5833,88.81,33,20,2.59
540,Adiake,CI,2022-05-13 16:47:20,5.2863,-3.304,83.52,73,99,8.95
541,Havoysund,NO,2022-05-13 16:47:21,70.9963,24.6622,35.83,83,100,17.56
542,Kapuskasing,CA,2022-05-13 16:47:22,49.4169,-82.4331,62.6,94,100,8.05
543,Axim,GH,2022-05-13 16:47:22,4.8699,-2.2405,82.6,78,100,7.94
544,Verkhovye,RU,2022-05-13 16:47:23,52.8119,37.2425,50.31,74,50,11.65
545,Qostanay,KZ,2022-05-13 16:46:12,53.1667,63.5833,55.69,62,40,15.66
546,Hamilton,US,2022-05-13 16:43:42,39.1834,-84.5333,81.95,54,20,9.22
547,Sao Jose Da Coroa Grande,BR,2022-05-13 16:47:24,-8.8978,-35.1478,82.42,75,20,8.05
548,Manoel Urbano,BR,2022-05-13 16:47:24,-8.8389,-69.2597,92.68,46,26,1.34
549,Salalah,OM,2022-05-13 16:47:25,17.0151,54.0924,87.89,58,0,5.75
550,Polyarnyy,RU,2022-05-13 16:47:25,69.1989,33.4478,42.19,61,79,10.33
551,Jennersdorf,AT,2022-05-13 16:47:26,46.9385,16.1416,67.44,85,91,2.08
552,Vagay,RU,2022-05-13 16:47:26,57.9375,69.0217,60.6,46,98,9.62
553,Cabo Rojo,PR,2022-05-13 16:47:27,18.0866,-67.1457,89.73,63,82,5.99
554,Qasigiannguit,GL,2022-05-13 16:47:27,68.8193,-51.1922,25.05,66,60,2.44
